time_s,amp_dB
0.294,-4.4250878838
1.366,-4.3489319503
2.429,-4.321048658
3.491,-4.3351617738
4.553,-4.2835377184
5.617,-4.2841057485
6.678,-4.2856491678
7.741,-4.3948461972
8.804,-4.2906113504
9.871,-4.3375142168
10.952,-4.3712323746
12.022,-4.3137384302
13.082,-4.2861720151
14.146,-4.3280277798
15.209,-4.3047493875
16.272,-4.3779960278
17.332,-4.3114288434
18.397,-4.3879419189
19.459,-4.3890050499
