time_s,amp_dB
0.285,-11.684878303
1.359,-11.204114798
2.422,-10.541383175
3.485,-10.374619562
4.547,-11.028632947
5.607,-9.5609577658
6.672,-12.563615122
7.734,-15.016324448
8.797,-19.01637249
9.859,-16.322090555
10.920,-14.49793665
11.986,-10.436792563
13.047,-10.62100787
14.110,-11.06694516
15.172,-11.572237296
16.232,-10.873766982
17.297,-10.731686855
18.360,-11.54387635
19.421,-11.165498719
