time_s,amp_dB
0.291,-14.419721963
1.367,-14.486046859
2.430,-13.503404039
3.492,-14.167214536
4.551,-9.521060152
5.617,-10.740528191
6.680,-10.945494287
7.741,-10.825289137
8.805,-10.947190823
9.868,-10.412411483
10.932,-7.8424093493
11.989,-7.684432241
13.055,-7.5219823022
14.118,-7.5799967989
15.181,-7.5571011531
16.242,-7.3772915873
17.304,-7.7685279702
18.367,-7.3274615839
19.430,-7.319570344
