time_s,amp_dB
0.303,-3.5515228595
1.361,-3.6175860497
2.422,-3.5623827971
3.485,-3.5407477411
4.545,-3.6113182482
5.610,-3.9884332616
6.673,-4.3158848307
7.735,-4.2088016884
8.799,-4.3850307686
9.881,-4.492912598
10.952,-5.1251705123
12.016,-5.2358337107
13.078,-5.2061974617
14.138,-5.0317484027
15.201,-4.9853009161
16.267,-4.8904352458
17.333,-4.8403537691
18.415,-4.8052633068
19.485,-4.7603953534
