time_s,amp_dB
0.286,-14.044420907
1.344,-13.981699552
2.408,-13.698506386
3.469,-14.591562981
4.531,-11.195966996
5.594,-12.414133509
6.656,-14.486585105
7.719,-16.38742428
8.781,-15.209343419
9.845,-15.003709641
10.905,-14.032902836
11.969,-8.9366464453
13.029,-8.1236111189
14.094,-8.5789239912
15.155,-8.3144501228
16.218,-8.4751609779
17.281,-8.4110033101
18.343,-8.251928771
19.406,-8.3419089921
